<?xml version="1.0" encoding="UTF-8"?>
<!DOCTYPE mapper PUBLIC "-//mybatis.org//DTD Mapper 3.0//EN" "http://mybatis.org/dtd/mybatis-3-mapper.dtd">
<mapper namespace="com.stillcrowdfunding.mapper.AuthMapper">
  <resultMap id="BaseResultMap" type="com.stillcrowdfunding.entity.Auth">
    <id column="id" jdbcType="INTEGER" property="id" />
    <result column="name" jdbcType="VARCHAR" property="name" />
    <result column="title" jdbcType="VARCHAR" property="title" />
    <result column="category_id" jdbcType="INTEGER" property="categoryId" />
  </resultMap>
  <sql id="Example_Where_Clause">
    <where>
      <foreach collection="oredCriteria" item="criteria" separator="or">
        <if test="criteria.valid">
          <trim prefix="(" prefixOverrides="and" suffix=")">
            <foreach collection="criteria.criteria" item="criterion">
              <choose>
                <when test="criterion.noValue">
                  and ${criterion.condition}
                </when>
                <when test="criterion.singleValue">
                  and ${criterion.condition} #{criterion.value}
                </when>
                <when test="criterion.betweenValue">
                  and ${criterion.condition} #{criterion.value} and #{criterion.secondValue}
                </when>
                <when test="criterion.listValue">
                  and ${criterion.condition}
                  <foreach close=")" collection="criterion.value" item="listItem" open="(" separator=",">
                    #{listItem}
                  </foreach>
                </when>
              </choose>
            </foreach>
          </trim>
        </if>
      </foreach>
    </where>
  </sql>
  <sql id="Update_By_Example_Where_Clause">
    <where>
      <foreach collection="example.oredCriteria" item="criteria" separator="or">
        <if test="criteria.valid">
          <trim prefix="(" prefixOverrides="and" suffix=")">
            <foreach collection="criteria.criteria" item="criterion">
              <choose>
                <when test="criterion.noValue">
                  and ${criterion.condition}
                </when>
                <when test="criterion.singleValue">
                  and ${criterion.condition} #{criterion.value}
                </when>
                <when test="criterion.betweenValue">
                  and ${criterion.condition} #{criterion.value} and #{criterion.secondValue}
                </when>
                <when test="criterion.listValue">
                  and ${criterion.condition}
                  <foreach close=")" collection="criterion.value" item="listItem" open="(" separator=",">
                    #{listItem}
                  </foreach>
                </when>
              </choose>
            </foreach>
          </trim>
        </if>
      </foreach>
    </where>
  </sql>
  <sql id="Base_Column_List">
    id, name, title, category_id
  </sql>
  <select id="selectAssignedAuthNameByAdminId" resultType="String">
    select distinct t_auth.name
    from t_auth
    left join inner_role_auth on t_auth.id = inner_role_auth.auth_id
    left join inner_admin_role on inner_admin_role.role_id = inner_role_auth.role_id
    where inner_admin_role.admin_id=#{adminId}
    and t_auth.name != ""
    and t_auth.name is not null
  </select>
  <select id="selectAssignedAuthIdByRoleId" resultType="int">
    select
    auth_id
    from inner_role_auth
    where role_id=#{roleId}
  </select>
  <select id="selectByExample" parameterType="com.stillcrowdfunding.entity.AuthExample" resultMap="BaseResultMap">
    select
    <if test="distinct">
      distinct
    </if>
    <include refid="Base_Column_List" />
    from t_auth
    <if test="_parameter != null">
      <include refid="Example_Where_Clause" />
    </if>
    <if test="orderByClause != null">
      order by ${orderByClause}
    </if>
  </select>
  <select id="selectByPrimaryKey" parameterType="java.lang.Integer" resultMap="BaseResultMap">
    select 
    <include refid="Base_Column_List" />
    from t_auth
    where id = #{id,jdbcType=INTEGER}
  </select>
  <delete id="deleteOldRelationship">
    delete from inner_role_auth
    where
    role_id=#{roleId}
  </delete>
  <delete id="deleteByPrimaryKey" parameterType="java.lang.Integer">
    delete from t_auth
    where id = #{id,jdbcType=INTEGER}
  </delete>
  <delete id="deleteByExample" parameterType="com.stillcrowdfunding.entity.AuthExample">
    delete from t_auth
    <if test="_parameter != null">
      <include refid="Example_Where_Clause" />
    </if>
  </delete>
  <insert id="insertNewRelationship">
    insert into inner_role_auth(auth_id,role_id) values
    <foreach collection="authIdList" item="authId" separator=",">(#{authId},#{roleId})</foreach>
  </insert>
  <insert id="insert" parameterType="com.stillcrowdfunding.entity.Auth">
    insert into t_auth (id, name, title, 
      category_id)
    values (#{id,jdbcType=INTEGER}, #{name,jdbcType=VARCHAR}, #{title,jdbcType=VARCHAR}, 
      #{categoryId,jdbcType=INTEGER})
  </insert>
  <insert id="insertSelective" parameterType="com.stillcrowdfunding.entity.Auth">
    insert into t_auth
    <trim prefix="(" suffix=")" suffixOverrides=",">
      <if test="id != null">
        id,
      </if>
      <if test="name != null">
        name,
      </if>
      <if test="title != null">
        title,
      </if>
      <if test="categoryId != null">
        category_id,
      </if>
    </trim>
    <trim prefix="values (" suffix=")" suffixOverrides=",">
      <if test="id != null">
        #{id,jdbcType=INTEGER},
      </if>
      <if test="name != null">
        #{name,jdbcType=VARCHAR},
      </if>
      <if test="title != null">
        #{title,jdbcType=VARCHAR},
      </if>
      <if test="categoryId != null">
        #{categoryId,jdbcType=INTEGER},
      </if>
    </trim>
  </insert>
  <select id="countByExample" parameterType="com.stillcrowdfunding.entity.AuthExample" resultType="java.lang.Long">
    select count(*) from t_auth
    <if test="_parameter != null">
      <include refid="Example_Where_Clause" />
    </if>
  </select>
  <update id="updateByExampleSelective" parameterType="map">
    update t_auth
    <set>
      <if test="record.id != null">
        id = #{record.id,jdbcType=INTEGER},
      </if>
      <if test="record.name != null">
        name = #{record.name,jdbcType=VARCHAR},
      </if>
      <if test="record.title != null">
        title = #{record.title,jdbcType=VARCHAR},
      </if>
      <if test="record.categoryId != null">
        category_id = #{record.categoryId,jdbcType=INTEGER},
      </if>
    </set>
    <if test="_parameter != null">
      <include refid="Update_By_Example_Where_Clause" />
    </if>
  </update>
  <update id="updateByExample" parameterType="map">
    update t_auth
    set id = #{record.id,jdbcType=INTEGER},
      name = #{record.name,jdbcType=VARCHAR},
      title = #{record.title,jdbcType=VARCHAR},
      category_id = #{record.categoryId,jdbcType=INTEGER}
    <if test="_parameter != null">
      <include refid="Update_By_Example_Where_Clause" />
    </if>
  </update>
  <update id="updateByPrimaryKeySelective" parameterType="com.stillcrowdfunding.entity.Auth">
    update t_auth
    <set>
      <if test="name != null">
        name = #{name,jdbcType=VARCHAR},
      </if>
      <if test="title != null">
        title = #{title,jdbcType=VARCHAR},
      </if>
      <if test="categoryId != null">
        category_id = #{categoryId,jdbcType=INTEGER},
      </if>
    </set>
    where id = #{id,jdbcType=INTEGER}
  </update>
  <update id="updateByPrimaryKey" parameterType="com.stillcrowdfunding.entity.Auth">
    update t_auth
    set name = #{name,jdbcType=VARCHAR},
      title = #{title,jdbcType=VARCHAR},
      category_id = #{categoryId,jdbcType=INTEGER}
    where id = #{id,jdbcType=INTEGER}
  </update>
</mapper>