<?xml version="1.0" encoding="UTF-8"?>
<!--日志系统的配置文件-->
<configuration debug="false">

    <!-- 指定日志输出的位置：这里是控制台输出 -->
    <appender name="STDOUT" class="ch.qos.logback.core.ConsoleAppender">
        <encoder class="ch.qos.logback.classic.encoder.PatternLayoutEncoder">
            <!-- 按照顺序分别是：时间、日志级别、线程名称、打印日志的类、日志主体内容、换行 -->
            <!--日志格式化输出：%d表示日期，%thread表示线程名，%-5level：级别从左显示5个字符宽度 %msg：日志消息 %n是换行符-->
            <pattern>%d{yyyy-MM-dd HH:mm:ss.SSS} [%thread] [%-5level] [%logger]- %msg%n</pattern>
        </encoder>
    </appender>


    <!-- 设置全局日志输出级别 ： debug ， info， warn， error-->
    <!-- 指定任何一个日志级别都只打印当前级别和后面级别的日志。 -->
    <root level="Info">
        <!-- 指定打印日志的appender，这里通过“STDOUT”引用了前面配置的appender -->
        <appender-ref ref="STDOUT" />
    </root>

    <!--根据特殊需要指定局部日志级别-->
    <logger name="com.stillcrowdfunding.mapper" level="DEBUG"/>
</configuration>