<?xml version="1.0" encoding="UTF-8"?>
<beans xmlns="http://www.springframework.org/schema/beans"
       xmlns:xsi="http://www.w3.org/2001/XMLSchema-instance"
       xmlns:mvc="http://www.springframework.org/schema/mvc"
       xmlns:context="http://www.springframework.org/schema/context"
       xsi:schemaLocation="http://www.springframework.org/schema/beans http://www.springframework.org/schema/beans/spring-beans.xsd
                           http://www.springframework.org/schema/mvc http://www.springframework.org/schema/mvc/spring-mvc.xsd
                           http://www.springframework.org/schema/context http://www.springframework.org/schema/context/spring-context.xsd">

    <!-- 配置自动扫描的包：扫描controller -->
        <context:component-scan base-package="com.stillcrowdfunding.mvc"/>

        <!-- 配置SpringMVC的注解驱动 -->
        <mvc:annotation-driven/>

        <!-- 配置SpringMVC视图解析器 -->
        <bean id="viewResolver" class="org.springframework.web.servlet.view.InternalResourceViewResolver">
            <property name="prefix" value="/WEB-INF/jsp/"/>
            <property name="suffix" value=".jsp"/>
        </bean>

        <!-- 配置基于XML异常处理映射 -->
        <bean id="simpleMappingExceptionResolver" class="org.springframework.web.servlet.handler.SimpleMappingExceptionResolver">
            <!-- 配置异常类型和具体视图页面的对应关系 -->
            <property name="exceptionMappings">
                <props>
                    <!-- key属性是指异常的全类名 -->
                    <!-- 标签体中写对应的显示异常错误的视图 （这个视图要拼前后缀得到具体视图）-->
                    <prop key="java.lang.Exception">system-error</prop>
                    <prop key="com.stillcrowdfunding.exception.AccessForbiddenException">admin-login</prop>
                </props>
            </property>
        </bean>

        <!-- 配置view-controller，直接把请求地址和视图关联起来，不必写controller方法了 -->
        <!--
            @RequestMapping(value = "/admin/to/login/page.html")
            public String toLoginPage(){
                return "admin-login";
            }       
         -->
        <mvc:view-controller path="/admin/to/login/page.html" view-name="admin-login"/>

        <mvc:view-controller path="/admin/to/main/page.html" view-name="admin-main"/>
    
        <mvc:view-controller path="/admin/to/add/page.html" view-name="admin-add"/>
    
        <mvc:view-controller path="/role/to/page.html" view-name="role-page"/>

        <mvc:view-controller path="/menu/to/page.html" view-name="menu-page"/>

        <!-- 注册拦截器：使用SpringSecurity后当前自定义的登录拦截器就不在使用了
        <mvc:interceptors>
            <mvc:interceptor>
                 mvc:mapping配置要拦截的资源
                 /*表示一层路径  实例：/aaa
                 /**表示多层路径  实例：/aaa/bbb或/aaa/bbb/ccc
                <mvc:mapping path="/**"/>

                 mvc:exclude-mapping配置不拦截的资源
                <mvc:exclude-mapping path="/admin/to/login/page.html"/>

                <mvc:exclude-mapping path="/admin/do/login.html"/>

                <mvc:exclude-mapping path="//admin/do/logout.html"/>

                 配置拦截器的类
                <bean class="com.stillcrowdfunding.mvc.interceptor.LoginInterceptor"/>
                
            </mvc:interceptor>
        </mvc:interceptors> -->

</beans>