<?xml version="1.0" encoding="UTF-8"?>
<beans xmlns="http://www.springframework.org/schema/beans"
       xmlns:cntext="http://www.springframework.org/schema/context"
       xmlns:xsi="http://www.w3.org/2001/XMLSchema-instance"
       xsi:schemaLocation="http://www.springframework.org/schema/beans http://www.springframework.org/schema/beans/spring-beans.xsd
                           http://www.springframework.org/schema/context http://www.springframework.org/schema/context/spring-context.xsd">
        <!-- 加载外部属性文件 -->
        <cntext:property-placeholder location="classpath:jdbc.properties"/>
        <!--配置数据源-->
        <bean id="dataSource" class="com.alibaba.druid.pool.DruidDataSource">
            <!-- 基本属性 url、user、password -->
            <property name="driverClassName" value="${jdbc.driver}"/>
            <property name="url" value="${jdbc.url}"/>
            <property name="username" value="${jdbc.username}"/>
            <property name="password" value="${jdbc.password}"/>
            <!-- 配置初始化大小、最小、最大 -->
            <property name="initialSize" value="3"/>
            <property name="minIdle" value="3"/>
            <property name="maxActive" value="10"/>
            <!-- 配置获取连接等待超时的时间 -->
            <property name="maxWait" value="50000"/>
            <!-- 配置间隔多久才进行一次检测，检测需要关闭的空闲连接，单位是毫秒 -->
            <property name="timeBetweenEvictionRunsMillis" value="50000"/>
            <!-- 配置一个连接在池中最小生存的时间，单位是毫秒 -->
            <property name="minEvictableIdleTimeMillis" value="300000"/>

            <property name="validationQuery" value="SELECT 1"/>
            <property name="testWhileIdle" value="true"/>
            <property name="testOnReturn" value="false"/>
            <property name="testOnBorrow" value="false"/>

            <!-- 打开PSCache，并且指定每个连接上PSCache的大小 -->
            <property name="poolPreparedStatements" value="true"/>
            <property name="maxPoolPreparedStatementPerConnectionSize" value="10"/>
        </bean>

        <!--配置SqlSessionFactoryBean整合mybatis-->
        <bean id="sqlSessionFactoryBean" class="org.mybatis.spring.SqlSessionFactoryBean">
            <!--指定MyBatis全局配置文件位置-->
            <property name="configLocation" value="classpath:mybatis/mybatis-config.xml"/>
            <!--指定Mapper.xml配置文件位置-->
            <property name="mapperLocations" value="classpath:mybatis/mapper/*Mapper.xml"/>
            <!--装配数据源-->
            <property name="dataSource" ref="dataSource"/>

            <!-- 配置插件 -->
            <property name="plugins">
                <array>
                    <!-- 配置PageHelper插件 -->
                    <bean class="com.github.pagehelper.PageHelper">
                        <property name="properties">
                            <props>
                                <!-- 配置数据库方言，告诉PageHelper当前使用的数据库 -->
                                <prop key="dialect">mysql</prop>

                                <!-- 配置页码合理化的修正，在1~到总数之间修正页码 -->
                                <prop key="reasonable">true</prop>
                            </props>
                        </property>
                    </bean>
                </array>
            </property>

        </bean>

        <!--配置MapperScannerConfigurer来扫描Mapper接口所在的包-->
        <bean id="mapperScannerConfigurer" class="org.mybatis.spring.mapper.MapperScannerConfigurer">
            <property name="basePackage" value="com.stillcrowdfunding.mapper"/>
        </bean>

</beans>